label,close
23.09 04:00,447.4
23.09 04:30,447.38
23.09 05:00,447.4
23.09 05:30,447.4
23.09 06:00,447.57
23.09 06:30,447.28
23.09 07:30,447.28
23.09 08:30,447.6
23.09 09:00,447.59
23.09 09:30,447.61
23.09 10:00,447.08
23.09 10:30,447.18
23.09 11:00,447.17
23.09 11:30,446.62
23.09 12:00,445.96
23.09 12:30,446.21
23.09 13:00,446.26
23.09 13:30,446.17
23.09 14:00,445.84
23.09 14:30,446.06
23.09 15:00,445.98
23.09 15:30,445.86
23.09 16:00,445.01
23.09 16:30,444.77
23.09 17:00,444.72
23.09 17:30,444.63
23.09 18:00,445.07
23.09 18:30,445.07
23.09 19:00,445.08
23.09 19:30,444.61
23.09 20:00,445.06
23.09 20:30,444.62
23.09 21:00,444.6
23.09 21:30,444.63
23.09 22:00,444.74
23.09 22:30,444.73
23.09 23:00,444.75
23.09 23:30,444.46
24.09 00:00,444.75
24.09 00:30,444.51
24.09 01:00,444.47
24.09 01:30,444.47
24.09 02:00,444.47
24.09 02:30,444.51
24.09 03:00,444.79
24.09 03:30,444.78
24.09 04:00,444.89
24.09 04:30,444.54
24.09 05:00,444.93
24.09 05:30,444.89
24.09 06:00,445.25
24.09 06:30,444.93
24.09 07:30,445.44
24.09 08:00,445.4
24.09 08:30,445.44
24.09 09:00,445.58
24.09 09:30,445.58
24.09 10:00,443.77
24.09 10:30,443.15
24.09 11:00,443.08
24.09 11:30,443.21
24.09 12:00,442.84
24.09 12:30,443.3
24.09 13:00,443.4
24.09 13:30,443.27
24.09 14:00,443.37
24.09 14:30,443.63
24.09 15:00,443.51
24.09 15:30,443.35
24.09 16:00,442.06
24.09 16:30,442.3
24.09 17:00,442.24
24.09 17:30,442.0
24.09 18:00,442.13
24.09 18:30,442.12
24.09 19:00,442.1
24.09 19:30,442.1
24.09 20:00,442.1
24.09 20:30,442.12
24.09 21:00,442.14
24.09 21:30,442.14
24.09 22:00,442.13
24.09 22:30,442.19
24.09 23:00,441.88
24.09 23:30,441.86
25.09 00:00,441.86
25.09 00:30,441.86
25.09 01:00,441.86
25.09 01:30,441.87
25.09 02:00,441.86
25.09 02:30,441.87
25.09 03:00,441.85
25.09 03:30,441.87
25.09 04:00,441.88
25.09 04:30,441.85
25.09 05:00,441.89
25.09 05:30,441.87
25.09 06:00,441.73
25.09 06:30,441.94
25.09 07:00,441.94
25.09 08:00,441.94
25.09 08:30,441.81
25.09 09:00,441.79
25.09 09:30,441.78
25.09 10:00,441.59
25.09 10:30,441.57
25.09 11:00,441.21
25.09 11:30,441.29
25.09 12:00,441.04
25.09 12:30,441.09
25.09 13:00,442.99
25.09 13:30,442.92
25.09 14:00,442.62
25.09 14:30,442.64
25.09 15:00,442.97
25.09 15:30,442.68
25.09 16:00,442.84
25.09 16:30,442.78
25.09 17:00,442.8
25.09 17:30,442.75
25.09 18:00,442.61
25.09 18:30,442.61
25.09 19:30,442.61
25.09 20:00,442.61
25.09 21:00,442.61
25.09 21:30,442.61
25.09 22:00,442.63
25.09 22:30,442.64
25.09 23:00,442.62
25.09 23:30,442.61
26.09 00:00,442.6
26.09 00:30,442.61
26.09 01:00,442.61
26.09 01:30,442.66
26.09 02:00,442.65
28.09 04:00,442.65
28.09 04:30,442.65
28.09 05:30,442.65
28.09 06:00,442.97
28.09 06:30,442.85
28.09 07:00,442.85
28.09 07:30,442.85
28.09 08:00,442.97
28.09 08:30,442.94
28.09 09:00,442.94
28.09 10:00,442.99
28.09 10:30,442.96
28.09 11:00,442.81
28.09 11:30,442.3
28.09 12:00,442.28
28.09 12:30,442.18
28.09 13:00,441.87
28.09 13:30,441.66
28.09 14:00,441.34
28.09 14:30,441.4
28.09 15:00,441.16
28.09 15:30,441.1
28.09 16:00,440.79
28.09 16:30,440.82
28.09 17:00,440.36
28.09 17:30,440.57
28.09 18:00,440.24
28.09 18:30,440.71
28.09 19:00,440.67
28.09 19:30,440.69
28.09 20:00,440.34
28.09 20:30,440.79
28.09 21:00,440.75
28.09 21:30,440.69
28.09 22:00,440.68
28.09 22:30,440.89
28.09 23:00,440.94
28.09 23:30,440.98
29.09 00:00,441.06
29.09 00:30,440.95
29.09 01:00,440.94
29.09 01:30,440.99
29.09 02:00,440.97
29.09 02:30,441.01
29.09 03:00,441.01
29.09 03:30,441.1
29.09 04:00,441.04
29.09 04:30,440.96
29.09 05:00,441.01
29.09 05:30,441.03
29.09 06:00,441.09
29.09 06:30,440.36
29.09 07:00,440.36
29.09 07:30,440.36
29.09 08:30,441.12
29.09 09:00,441.07
29.09 09:30,441.13
29.09 10:00,439.97
29.09 10:30,440.02
29.09 11:00,440.46
29.09 11:30,440.32
29.09 12:00,440.34
29.09 12:30,440.13
29.09 13:00,440.16
29.09 13:30,440.01
29.09 14:00,440.25
29.09 14:30,440.14
29.09 15:00,439.95
29.09 15:30,440.08
29.09 16:00,439.48
29.09 16:30,439.52
